X,GUCT,GU,GU,GU,W,X,W,K,K,K,K,K,K,K,K,K,W,X,W,W,W,W,W,W,X,X,X,X
X,GU,GU,GU,GU,W,X,W,K,K,K,K,K,K,K,K,K,W,X,W,W,W,W,W,W,W,W,X,X
X,GU,GU,GU,GU,W,W,W,K,K,K,K,K,K,K,K,K,W,W,W,GR,GR,GR,GR,GR,GR,W,W,X
X,GU,GU*,GU,GU,W<,W,W>,K,K,K,K,K*,K,K,K,K,W<,W,W,GR,GR,GR,GR,GR,GR,W,W,W
X,GU,GU,GU,GU,W,X,W,K,K,K,K,K,K,K,K,K,W,X,W>,GR,GR,GR,GR,GR,GR,Wv,W,W
X,GU,GU,GU,GU,W,X,W,K,K,K,K,K,K,K,K,K,W,X,W,GR,GR,GR,GR,GR,GR,GR,W,W
X,GU,GU,GU,GU,W,X,W,K,K,K#,K,K,K,K,K,K,W,X,W,GR,GR,GR,GR,GR,GR,GR,GR,GR
X,GU#,GU,GU,GU,W,W,W,W^,W,W,W,W^,W,W,W,W^,W,W,W,GR,GR,GR,GR,GR,GR,GR,GR,GR
W,W,W,W,W,W,W,W,W,Wv,W,W,W,W,W,W,W,W,W,W,GR,GR,GR,GR*,GR,GR,GR,GR,GRBR
BT,BT,W,W,BT,BT,W,W,C,C,X,X,X,X,X,C,C,W,X,W,GR,GR,GR,GR,GR,GR,GR,GR,GR
BT,BT,W,W,BT,BT,W,W,C,C,C,C,C,C,C,C,C,W,X,W,GR,GR,GR,GR,GR,GR,GR,GR,GR
BT,BT,BT,BT,BT,BT,W,W,C,C,C,C,C,C,C,C,C,W<,W,W,GR,GR,GR,GR,GR,GR,GR,W,W
BT,BT,BT*,BT,BT,BT,W<,W,C,C,C,C,C*,C,C,C,C,W<,W,W>,GR,GR,GR,GR,GR,GR,W^,W,W
BT,BT#,BT,BT,BT,BT,W,W,C,C,C,C,C,C,C,C,C,W,X,W,GR,GR,GR,GR,GR,GR,W,W,W
BT,BT,W,W,BT,BT,W,W,C,C,C#,C,C,C,C,C,C,W,X,W,GR,GR#,GR,GR,GR,GR,W,W,W
BT,BT,W,W,BT,BT,W,W,W,W^,W,W,W,W,W,W,W,W,W,W,W,W,W,W,W,W,W,W,W
Wv,W,W,W,W,W,W,W,W,W,W,W,W,W,W,W,W,W,W,W,W,W,W,W,W,W,W,W,W
BR,BR,BR,X,BR,BR,W,W,W,W,W,W,W,W,W,W,W,W,W,W,M,M,M,M,M,M,M,M,M
BR,BR,BR,X,BR,BR,W,X,W,A,A,A,Wv,A,A,A,A,W,X,W,M,M#,M,M,M,M,M,M,M
BR,BR,X,X,BR,BR,W<,X,W,A,A,A,A,A,A,A,A,W,X,W,W,M,M,M,M,M,M*,M,M
BR,BR,BR,BR,BR,BR,W,X,W,A#,A,A,A,A,A*,A,A,W,X,W,W,W>,M,M,M,M,M,M,M
BR,BR,BR,BR,BR,BR,W,X,W,A,A,A,A,A,A,A,A,W,X,W,W,W,W,W,W,W,M,M,M
BR,BR,BR,BR,BR,BR,W,X,W,A,A,A,X,A,A,A,A,W,X,W,CT,CT,W,W,W,W>,M,M,M
BR,BR,BR*,BR,BR,BR,W,X,W,A,A,A,X,X,X,X,X,W,X,W,CT,CT,W,W,W,W,M,M,M
BR,BR,BR,BR,BR,BR,W,X,W,A,A,A,X,X,X,X,X,W,X,W,CT,CT,W<,W,W,W,W,W,W
BR,BR,BR,BR,BR,BR,W<,X,W,A,A,A,X,X,X,X,X,W,X,W,CT,CT,CT,CT,CT,CT,W,W,W
BR,BR,BR,BR,BR,BR,W,X,W,A,A,A,X,X,X,X,X,W,X,W,CT,CT,CT,CT,CT*,CT,CT,W,W
BRGR,BR#,BR,BR,BR,BR,W,W,W,A,A,A,X,X,X,X,X,W,W,W,CT,CT#,CT,CT,CT,CT,CTGU,W,W
X,BR,BR,BR,W^,W,W,W,W>,A,A,A,X,X,X,X,X,W,W,W,X,X,X,X,X,X,X,X,X
